id,question,answer,tag
1,"pengertian teknologi informasi","Teknologi Informasi adalah istilah umum untuk teknologi apa pun yang membantu manusia dalam membuat, mengubah, menyimpan, mengomunikasikan dan/atau menyebarkan informasi. TI menyatukan komputasi dan komunikasi berkecepatan tinggi untuk data, suara, dan video. Contoh dari Teknologi Informasi bukan hanya berupa komputer pribadi, tetapi juga telepon, TV, peralatan rumah tangga elektronik, dan perangkat genggam modern/gawai (misalnya ponsel). TI adalah bidang pengelolaan teknologi dan mencakup berbagai bidang yang termasuk tetapi tidak terbatas pada hal-hal seperti proses, perangkat lunak komputer, sistem informasi, perangkat keras komputer, bahasa pemrograman, dan data konstruksi. Singkatnya, apa yang membuat data, informasi atau pengetahuan yang dirasakan dalam format visual apapun, melalui setiap mekanisme distribusi multimedia, dianggap bagian dari TI. TI menyediakan bisnis dengan empat set layanan inti untuk membantu menjalankan strategi bisnis: proses bisnis otomatisasi, memberikan informasi, menghubungkan dengan pelanggan, dan alat-alat produktivitas.","profil"
2,"Apa perbedaan IT dan Computer Science?","Information Technology (IT) dan Computer Science (Ilmu Komputer) merupakan dua bidang yang saling berkaitan, namun memiliki fokus dan tujuan yang berbeda. Information Technology (IT) berfokus pada penerapan teknologi komputer untuk mengelola, menyimpan, mentransmisikan, dan melindungi informasi. IT lebih menekankan pada penggunaan sistem dan perangkat yang sudah ada untuk memenuhi kebutuhan organisasi atau bisnis. Contohnya mencakup administrasi jaringan, keamanan informasi, manajemen basis data, dukungan teknis, dan sistem informasi manajemen. Computer Science, di sisi lain, lebih menitikberatkan pada konsep teoritis dan pengembangan teknologi baru. Bidang ini mencakup algoritma, pemrograman, struktur data, kecerdasan buatan, machine learning, serta rekayasa perangkat lunak. Computer Science bertujuan untuk menciptakan solusi baru berbasis teknologi dan meningkatkan efisiensi sistem komputasi.","perbandingan"
3,"Sebutkan komponen utama sistem informasi!","Sebuah sistem informasi terdiri dari beberapa komponen yang saling berinteraksi untuk mengumpulkan, memproses, menyimpan, dan menyebarkan informasi. Komponen utama tersebut adalah: Perangkat keras (Hardware) Semua komponen fisik komputer seperti CPU, monitor, keyboard, printer, dan perangkat jaringan yang digunakan untuk memproses serta menyampaikan data. Perangkat lunak (Software) Sekumpulan instruksi atau program yang mengendalikan perangkat keras dan mengatur pengolahan data. Contohnya sistem operasi, aplikasi bisnis, dan perangkat lunak basis data. Data Kumpulan fakta mentah yang menjadi bahan utama dalam pengolahan informasi. Tanpa data, sistem informasi tidak memiliki bahan untuk diproses menjadi informasi yang berguna. Prosedur atau proses Langkah-langkah atau aturan yang mengatur bagaimana data dikumpulkan, diproses, dan disimpan. Prosedur ini memastikan sistem berjalan sesuai tujuan organisasi. Manusia (Brainware) Pengguna atau orang yang berinteraksi dengan sistem, baik sebagai pengembang, operator, analis, maupun pengambil keputusan. Brainware adalah faktor terpenting karena manusia yang merancang dan menggunakan sistem informasi.","komponen"
4,"Apa perbedaan data, informasi, dan pengetahuan?","Ketiganya merupakan tingkatan dalam proses pengelolaan informasi: Data Merupakan fakta mentah yang belum diolah dan tidak memiliki makna tertentu. Contoh: angka â€œ90â€, â€œAâ€, â€œ2025â€. Data ini belum memberi konteks. Informasi Adalah data yang telah diolah dan diberi makna, sehingga berguna dalam pengambilan keputusan. Contoh: â€œNilai ujian mahasiswa A adalah 90.â€ â€” kini data memiliki konteks dan arti. Pengetahuan (Knowledge) Merupakan hasil dari pengolahan informasi yang dipahami dan dapat diterapkan dalam tindakan nyata. Contoh: â€œMahasiswa dengan nilai di atas 85 memiliki peluang besar untuk mendapat beasiswa.â€ Ini adalah penerapan informasi menjadi wawasan.","perbandingan"
5,"Mengapa TI penting bagi organisasi modern?","Teknologi Informasi (TI) memiliki peran vital dalam dunia organisasi modern karena hampir seluruh kegiatan bisnis bergantung pada pengelolaan informasi yang cepat, akurat, dan efisien. Berikut beberapa alasan utamanya: Meningkatkan efisiensi operasional TI memungkinkan otomatisasi berbagai proses bisnis seperti akuntansi, inventori, dan komunikasi, sehingga menghemat waktu dan biaya operasional. Mendukung pengambilan keputusan Sistem informasi menyediakan data dan laporan yang akurat, membantu manajer membuat keputusan yang lebih cepat dan tepat. Meningkatkan komunikasi dan kolaborasi Dengan adanya internet, email, dan aplikasi kolaboratif, komunikasi antar karyawan maupun antar cabang organisasi menjadi lebih mudah dan efektif. Meningkatkan daya saing organisasi Organisasi yang memanfaatkan TI dengan baik dapat memberikan layanan lebih cepat, efisien, dan inovatif dibanding pesaingnya. Mendukung keamanan dan penyimpanan data TI menyediakan sistem keamanan, backup, dan manajemen data yang menjaga informasi penting dari kehilangan atau pencurian. Mendukung transformasi digital TI memungkinkan organisasi beradaptasi dengan perkembangan teknologi, seperti e-commerce, cloud computing, dan kecerdasan buatan.","kepentingan"
6,"Apa yang dimaksud dengan IT infrastructure?","Infrastruktur Teknologi Informasi (IT Infrastructure) adalah sekumpulan komponen fisik dan virtual yang digunakan untuk membangun, mengoperasikan, dan mengelola lingkungan teknologi organisasi. Infrastruktur ini mencakup seluruh perangkat keras, perangkat lunak, jaringan, penyimpanan data, dan fasilitas pendukung yang memungkinkan penyediaan layanan TI dan aplikasi bisnis. Dengan kata lain, IT infrastructure adalah pondasi teknis yang memungkinkan organisasi untuk menjalankan sistem informasi, aplikasi, dan layanan digital secara andal dan efisien. Contoh komponen IT infrastructure: Server dan komputer klien Jaringan (router, switch, firewall) Penyimpanan data (storage, database) Sistem operasi dan platform aplikasi Data center dan layanan cloud Keamanan jaringan dan backup system","definisi"
7,"Sebutkan layer-layer dalam arsitektur TI!","Arsitektur TI (IT Architecture) menjelaskan bagaimana komponen infrastruktur TI disusun dan saling terhubung untuk mendukung kebutuhan organisasi. Umumnya, arsitektur TI terdiri dari beberapa lapisan (layer) berikut: Lapisan Fisik (Physical Layer) Berisi perangkat keras seperti server, komputer, kabel jaringan, router, dan perangkat penyimpanan. Fungsi: Menyediakan infrastruktur dasar untuk menjalankan sistem TI. Lapisan Jaringan (Network Layer) Mencakup koneksi antar perangkat melalui jaringan lokal (LAN) atau jaringan luas (WAN). Fungsi: Memastikan komunikasi data antar sistem dan pengguna berjalan lancar. Lapisan Sistem (System Layer) Terdiri atas sistem operasi dan platform middleware yang mendukung aplikasi. Fungsi: Mengelola sumber daya perangkat keras dan menyediakan lingkungan bagi aplikasi. Lapisan Aplikasi (Application Layer) Berisi perangkat lunak aplikasi yang digunakan oleh pengguna untuk menjalankan fungsi bisnis. Contoh: ERP, CRM, sistem informasi kepegawaian, aplikasi web. Lapisan Data (Data Layer) Mencakup sistem manajemen basis data (DBMS) dan repositori data yang menyimpan serta memproses informasi. Lapisan Keamanan (Security Layer) Menjamin keamanan data, jaringan, dan pengguna melalui autentikasi, enkripsi, dan kontrol akses.","layer"
8,"Apa itu data center dan komponennya?","Data center adalah fasilitas khusus yang digunakan untuk menyimpan, mengelola, dan mengoperasikan server, sistem penyimpanan data, serta perangkat jaringan yang menjalankan aplikasi dan layanan penting organisasi. Fungsi utamanya adalah untuk menyediakan tempat yang aman, stabil, dan andal bagi seluruh komponen TI agar dapat beroperasi tanpa gangguan. Komponen utama data center: Perangkat keras komputasi (Compute Equipment) Server fisik dan virtual untuk menjalankan aplikasi dan layanan. Penyimpanan data (Storage System) Perangkat penyimpan seperti SAN, NAS, dan storage cloud untuk menyimpan data bisnis. Perangkat jaringan (Networking Equipment) Router, switch, firewall, dan kabel yang menghubungkan seluruh sistem. Daya dan pendingin (Power and Cooling System) Sistem UPS, generator cadangan, dan pendingin ruangan (HVAC) agar perangkat tidak overheat. Keamanan fisik dan digital (Security System) Kamera pengawas, kontrol akses, sistem enkripsi, dan firewall. Sistem pemantauan dan manajemen (Monitoring & Management) Alat untuk memantau performa server, suhu, daya, dan lalu lintas jaringan secara real-time.","definisi"
9,"Bagaimana TI mendukung business continuity?","Business continuity berarti kemampuan organisasi untuk tetap beroperasi dalam kondisi darurat atau gangguan (seperti bencana alam, serangan siber, atau kegagalan sistem). Teknologi Informasi berperan penting dalam mendukung hal ini melalui: Backup dan pemulihan data (Backup & Disaster Recovery) Sistem TI memungkinkan data disimpan secara berkala dan dipulihkan dengan cepat bila terjadi kerusakan. Redundansi system Menggunakan server cadangan dan jaringan alternatif agar layanan tetap berjalan walau ada gangguan. Cloud computing dan virtualisasi Memudahkan pemindahan sistem dan data ke lokasi lain secara cepat saat terjadi bencana. Pemantauan dan deteksi dini TI memungkinkan monitoring real-time untuk mendeteksi masalah lebih awal sebelum menimbulkan kerugian besar. Keamanan siber Perlindungan terhadap serangan malware, ransomware, atau pencurian data yang dapat mengganggu operasi bisnis. Rencana Business Continuity Planning (BCP) TI menyediakan dukungan sistem dan data yang menjadi dasar pelaksanaan BCP agar organisasi dapat pulih dengan cepat.","solusi"
10,"Apa saja job role dalam departemen TI?","Departemen Teknologi Informasi memiliki berbagai peran (job role) yang saling mendukung untuk menjaga sistem dan layanan teknologi tetap berjalan dengan baik. Beberapa peran utamanya meliputi IT Manager yang mengatur strategi dan operasional TI, System Administrator yang mengelola server dan sistem operasi, Network Administrator yang mengatur jaringan dan konektivitas, IT Support yang membantu pengguna menyelesaikan masalah teknis, Database Administrator yang menangani penyimpanan dan keamanan data, serta Cybersecurity Specialist yang melindungi sistem dari ancaman keamanan. Selain itu, terdapat Software Developer dan Web Developer yang membuat aplikasi dan sistem sesuai kebutuhan organisasi.","role"
11,"Apa tanggung jawab IT Support?","IT Support bertanggung jawab untuk memberikan bantuan teknis kepada pengguna (end user) yang mengalami kendala dengan perangkat keras, perangkat lunak, atau jaringan. Tugasnya meliputi instalasi dan konfigurasi komputer, memelihara sistem agar tetap berfungsi, melakukan troubleshooting bila ada masalah, serta memastikan perangkat dan aplikasi bekerja dengan baik. Selain itu, IT Support juga mendokumentasikan masalah dan solusi yang diterapkan agar dapat digunakan kembali di masa depan.","kewajiban"
12,"Apa bedanya System Admin dan Network Admin?","Perbedaan utamanya terletak pada fokus tanggung jawab. System Administrator mengelola sistem operasi, server, dan aplikasi internal organisasi, seperti mengatur pengguna, hak akses, backup, dan pembaruan sistem. Sedangkan Network Administrator fokus pada pengelolaan jaringan komputer, seperti konfigurasi router, switch, firewall, serta memastikan koneksi internet dan jaringan internal berjalan lancar dan aman. Singkatnya, System Admin mengurus apa yang berjalan di dalam server, sedangkan Network Admin mengurus bagaimana server dan komputer saling terhubung.","perbandingan"
13,"Skill apa yang dibutuhkan untuk karir di TI?","Untuk berkarir di bidang TI, seseorang perlu menguasai kemampuan teknis dan non-teknis. Skill teknis mencakup pemahaman jaringan komputer, sistem operasi, keamanan siber, pemrograman dasar, serta manajemen database. Sementara itu, skill non-teknis seperti kemampuan analisis, komunikasi, pemecahan masalah, kerja tim, dan adaptasi terhadap teknologi baru juga sangat penting. Kombinasi kedua jenis kemampuan ini membuat profesional TI mampu bekerja efektif dan berkontribusi dalam berbagai proyek teknologi.","skill"
14,"Apa yang dimaksud dengan IT governance?","IT Governance adalah kerangka tata kelola yang memastikan bahwa penggunaan teknologi informasi mendukung tujuan bisnis organisasi secara efektif, efisien, dan sesuai regulasi. Melalui IT governance, manajemen dapat mengontrol investasi TI, mengelola risiko, menjamin keamanan data, dan memastikan bahwa setiap inisiatif TI memberikan nilai tambah bagi organisasi. Framework populer untuk IT governance antara lain COBIT dan ISO/IEC 38500.","definisi"
15,"Bagaimana TI mendukung proses bisnis?","Teknologi Informasi mendukung proses bisnis dengan mengotomatisasi pekerjaan manual, mempercepat aliran informasi, dan meningkatkan efisiensi operasional. TI juga membantu dalam pengambilan keputusan berbasis data melalui sistem informasi manajemen, memungkinkan komunikasi yang cepat antar divisi, serta mendukung inovasi produk dan layanan. Dengan dukungan TI, organisasi dapat menekan biaya, meningkatkan produktivitas, serta memberikan layanan yang lebih baik kepada pelanggan.","support"
16,"Apa itu SLA (Service Level Agreement)?","SLA (Service Level Agreement) adalah perjanjian formal antara penyedia layanan TI dan pengguna yang menjelaskan tingkat layanan yang disepakati, seperti kecepatan respon, waktu pemulihan, ketersediaan sistem, serta tanggung jawab kedua pihak. SLA digunakan untuk memastikan transparansi dan kejelasan ekspektasi antara pihak yang menyediakan dan menerima layanan. Dengan adanya SLA, kualitas layanan dapat diukur dan dievaluasi secara objektif.","definisi"
17,"Mengapa dokumentasi penting dalam TI?","Dokumentasi sangat penting karena berfungsi sebagai panduan, catatan, dan bukti kerja dalam pengelolaan sistem TI. Dengan dokumentasi, tim dapat memahami konfigurasi sistem, proses instalasi, perubahan, dan pemecahan masalah tanpa harus mengulang dari awal. Dokumentasi juga membantu saat terjadi pergantian personel, audit keamanan, atau insiden teknis. Tanpa dokumentasi, risiko kesalahan dan kehilangan pengetahuan menjadi sangat tinggi.","alasan"
18,"Bagaimana mengukur ROI investasi TI?","ROI (Return on Investment) dalam TI diukur dengan membandingkan manfaat finansial atau nilai tambah yang diperoleh dari proyek TI terhadap biaya yang dikeluarkan. Rumus umumnya adalah: ğ‘…ğ‘‚ğ¼ = (ğ‘€ğ‘ğ‘›ğ‘“ğ‘ğ‘ğ‘¡âˆ’ğµğ‘–ğ‘ğ‘¦ğ‘) ğµğ‘–ğ‘ğ‘¦ğ‘ Ã— 100%  ROI= Biaya (Manfaatâˆ’Biaya) Ã—100% Manfaat dapat berupa peningkatan produktivitas, penghematan waktu, efisiensi biaya operasional, atau peningkatan pendapatan. Pengukuran ROI juga mencakup aspek non-finansial seperti peningkatan kepuasan pelanggan dan keamanan data. Tujuannya agar organisasi dapat menilai apakah investasi TI benar-benar memberikan nilai dan mendukung strategi bisnis jangka panjang.","solusi"
19,"Sejarah Teknologi Informasi!","Sejarah Teknologi Informasi berkembang seiring dengan evolusi cara manusia mengelola dan menyampaikan informasi. Era Pra-Komputer: Manusia menggunakan alat sederhana seperti sempoa, tulisan di batu, dan kertas untuk mencatat informasi. Era Mekanis (abad ke-17 â€“ 19): Munculnya mesin hitung mekanik oleh Blaise Pascal dan kalkulator Charles Babbage yang disebut Analytical Engine, cikal bakal komputer modern. Era Elektronik (1940-an): Komputer generasi pertama seperti ENIAC dan UNIVAC mulai digunakan dengan tabung vakum sebagai komponen utama. Era Komputer Modern (1970â€“1990): Transistor dan mikroprosesor diciptakan, komputer menjadi lebih kecil dan cepat. Muncul PC, jaringan lokal (LAN), dan internet. Era Digital dan Internet (1990â€“sekarang): Internet, cloud computing, big data, dan kecerdasan buatan berkembang pesat. Informasi kini dapat diakses secara global dalam hitungan detik. Perkembangan ini menjadikan TI bagian penting dari kehidupan modern, mendukung komunikasi, bisnis, pendidikan, dan hampir semua aspek sosial ekonomi.","sejarah"
20,"Visi dan Misi Teknologi Informasi!","Visi: Menjadi bidang ilmu yang unggul dalam pengembangan dan penerapan teknologi informasi untuk meningkatkan efisiensi, inovasi, dan daya saing global di berbagai sektor. Misi: Menghasilkan lulusan yang kompeten dalam penguasaan teori dan praktik TI. Mengembangkan penelitian di bidang sistem informasi, jaringan, keamanan, dan kecerdasan buatan. Meningkatkan kerja sama antara perguruan tinggi, industri, dan pemerintah dalam pengembangan solusi berbasis teknologi. Mengintegrasikan nilai profesionalisme, etika, dan tanggung jawab sosial dalam setiap penerapan teknologi informasi.","visi-misi"
21,"Apa saja organisasi dalam jurusan TI?","Dalam lingkungan kampus, jurusan Teknologi Informasi biasanya memiliki beberapa organisasi dan komunitas pendukung. Di antaranya: Himpunan Mahasiswa Teknologi Informasi (HIMTI): organisasi resmi mahasiswa TI yang berperan mengembangkan minat akademik, sosial, dan kepemimpinan. Komunitas Programming / Coding Club: tempat belajar bersama bahasa pemrograman, pengembangan aplikasi, dan lomba hackathon. Komunitas Jaringan & Keamanan: fokus pada keamanan siber, ethical hacking, dan manajemen jaringan. Komunitas Multimedia & Desain: wadah bagi mahasiswa yang tertarik dengan UI/UX, animasi, dan desain digital. Komunitas Penelitian dan Inovasi: mengembangkan riset di bidang AI, data science, IoT, dan machine learning.","organisasi"
22,"Apa itu Keamanan Informasi?","Keamanan informasi (Information Security) adalah upaya untuk melindungi data dan sistem informasi dari akses tidak sah, perusakan, pencurian, atau perubahan yang tidak diinginkan. Tujuannya adalah menjaga tiga prinsip utama yang dikenal sebagai CIA Triad: Confidentiality (Kerahasiaan): memastikan data hanya dapat diakses oleh pihak yang berwenang. Integrity (Integritas): menjamin data tetap akurat dan tidak dimodifikasi tanpa izin. Availability (Ketersediaan): memastikan informasi selalu tersedia bagi pengguna yang berhak kapan pun dibutuhkan. Keamanan informasi mencakup kebijakan, teknologi enkripsi, firewall, autentikasi, serta pelatihan kesadaran keamanan bagi pengguna.","definisi"
23,"Apa saja mata kuliah jurusan TI?","Jurusan Teknologi Informasi memiliki kombinasi mata kuliah teori dan praktik. Beberapa mata kuliah umumnya meliputi: Dasar-Dasar Pemrograman Struktur Data dan Algoritma Basis Data Jaringan Komputer Sistem Operasi Keamanan Informasi Analisis dan Desain Sistem Informasi Rekayasa Perangkat Lunak Cloud Computing Kecerdasan Buatan (AI) dan Machine Learning Internet of Things (IoT) Manajemen Proyek TI Etika dan Profesionalisme Teknologi Informasi Setiap universitas bisa memiliki variasi kurikulum, namun inti pembelajarannya tetap berfokus pada kemampuan teknis dan manajerial dalam penerapan TI.","jenis"
24,"Apa prospek kerja lulusan TI?","ulusan Teknologi Informasi memiliki prospek kerja yang luas karena hampir semua sektor membutuhkan tenaga ahli di bidang TI. Beberapa posisi yang dapat diisi antara lain: Software Developer / Programmer Network Engineer / Administrator System Analyst Database Administrator Cybersecurity Specialist Web Developer / UI-UX Designer IT Support Specialist Data Analyst / Data Scientist Cloud Engineer Project Manager di bidang TI Selain bekerja di perusahaan, lulusan TI juga bisa menjadi freelancer, konsultan, atau wirausaha digital yang menciptakan produk berbasis teknologi.","prospek"
25,"Peran TI dalam Dunia Industri?","Teknologi Informasi berperan sangat penting dalam dunia industri modern karena menjadi penggerak utama transformasi digital. TI membantu industri dalam berbagai hal, seperti: Efisiensi proses produksi dan operasional melalui otomatisasi dan sistem komputerisasi. Pengambilan keputusan berbasis data dengan sistem analitik dan big data. Meningkatkan komunikasi dan kolaborasi antar divisi dan mitra bisnis melalui jaringan dan aplikasi cloud. Manajemen rantai pasok (supply chain) yang lebih cepat dan transparan. Inovasi produk dan layanan, misalnya dengan penerapan IoT, AI, dan teknologi berbasis cloud. Keamanan dan keandalan sistem industri, menjaga data produksi dan pelanggan tetap aman. Dengan peran tersebut, TI tidak hanya menjadi pendukung, tetapi juga strategi inti dalam meningkatkan produktivitas, kualitas, dan daya saing industri di era digital.","peran"
26,"Apa itu komputer dan bagaimana cara kerjanya?","Komputer adalah alat elektronik yang dirancang untuk menerima data (input), memprosesnya sesuai instruksi, dan menghasilkan informasi (output) yang berguna bagi pengguna. Komputer bekerja secara sistematis melalui tiga tahap utama: Input: data dimasukkan melalui perangkat seperti keyboard, mouse, atau sensor. Process: data diolah oleh CPU (Central Processing Unit) menggunakan program atau perintah tertentu. Output: hasil pemrosesan ditampilkan melalui monitor, printer, atau media lain. Selain itu, komputer juga menyimpan data dalam memori agar dapat digunakan kembali. Semua proses ini dikendalikan oleh sistem operasi dan program yang dijalankan pengguna.","definisi"
27,"Apa perbedaan antara hardware dan software?","Hardware adalah komponen fisik komputer yang dapat dilihat dan disentuh, seperti monitor, keyboard, CPU, RAM, dan hard disk. Hardware bertugas menjalankan instruksi dari software. Software adalah program atau instruksi yang mengatur cara hardware bekerja. Contohnya sistem operasi (Windows, Linux), aplikasi (Microsoft Office, browser), dan game. Dengan kata lain, hardware adalah â€œtubuhâ€ komputer, sedangkan software adalah â€œotaknyaâ€ yang memberikan perintah.","perbandingan"
28,"Sebutkan komponen utama dalam sebuah komputer!","Komputer terdiri dari beberapa komponen utama yang saling berhubungan: CPU (Central Processing Unit): otak komputer yang memproses instruksi. Memory (RAM): tempat penyimpanan sementara saat komputer bekerja. Storage (HDD/SSD): tempat menyimpan data dan program secara permanen. Input devices: seperti keyboard, mouse, dan scanner. Output devices: seperti monitor, printer, dan speaker. Motherboard: papan utama yang menghubungkan semua komponen. Power Supply: memberikan daya listrik ke seluruh sistem.","komponen"
29,"Apa fungsi processor (CPU) dalam komputer?","Processor (CPU) berfungsi sebagai otak utama komputer yang menjalankan semua perintah dari software. CPU melakukan tiga langkah utama: Fetch: mengambil instruksi dari memori. Decode: menerjemahkan instruksi agar dapat dipahami. Execute: menjalankan instruksi tersebut. Semakin tinggi kecepatan dan jumlah core pada CPU, semakin cepat pula komputer memproses data dan menjalankan program.","fungsi"
30,"Mengapa memory (RAM) penting dalam komputer?","RAM (Random Access Memory) adalah memori sementara yang menyimpan data dan instruksi selama komputer bekerja. RAM penting karena: Mempercepat proses eksekusi program. Menyimpan data sementara agar CPU tidak perlu membaca langsung dari penyimpanan yang lebih lambat (seperti HDD). Menentukan kemampuan multitasking komputer (berapa banyak aplikasi bisa dibuka bersamaan). Tanpa RAM yang cukup, komputer akan berjalan lambat karena harus menggunakan media penyimpanan lain sebagai pengganti sementara.","mengapa"
31,"Apa perbedaan HDD dan SSD?","HDD (Hard Disk Drive) menggunakan piringan magnetik berputar untuk menyimpan data. Kecepatannya lebih lambat, namun kapasitasnya besar dan harganya lebih murah. SSD (Solid State Drive) menggunakan chip memori flash tanpa komponen bergerak, sehingga jauh lebih cepat, lebih tahan guncangan, dan lebih hemat daya. Secara sederhana, HDD cocok untuk penyimpanan besar dengan biaya rendah, sementara SSD ideal untuk performa tinggi.","perbandingan"
32,"Bagaimana cara komputer menyimpan data?","Komputer menyimpan data dalam bentuk digital, yaitu kumpulan angka 0 dan 1 (biner). Data ini disimpan di media penyimpanan seperti RAM, HDD, atau SSD. Setiap data yang disimpan diubah menjadi sinyal listrik (dalam RAM) atau sinyal magnetik/elektronik (dalam HDD dan SSD). Saat dibutuhkan, komputer membaca kembali data tersebut dan mengubahnya menjadi informasi yang bisa dipahami manusia, seperti teks, gambar, atau suara.","bagaimana"
33,"Apa itu sistem bilangan biner?","Sistem bilangan biner adalah sistem numerik yang hanya menggunakan dua simbol: 0 dan 1. Dalam komputer, setiap angka, huruf, atau instruksi direpresentasikan menggunakan kombinasi bit 0 dan 1. Contohnya: Angka 2 dalam biner ditulis sebagai 10. Huruf â€œAâ€ direpresentasikan dengan kode biner 01000001 dalam ASCII. Biner merupakan bahasa dasar komputer yang menjadi dasar semua operasi logika dan aritmetika.","definisi"
34,"Mengapa komputer menggunakan sistem biner?","Komputer menggunakan sistem biner karena komponen elektroniknya bekerja dengan dua kondisi: hidup (on) dan mati (off). Kondisi â€œonâ€ dilambangkan dengan angka 1, dan â€œoffâ€ dengan angka 0. Dengan dua kondisi ini, komputer dapat melakukan operasi logika yang kompleks dan efisien. Sistem biner juga lebih tahan terhadap kesalahan dibanding sistem dengan banyak simbol karena hanya ada dua kemungkinan.","mengapa"
35,"Apa yang dimaksud dengan bit dan byte?","Bit (Binary Digit) adalah unit terkecil data digital, mewakili satu nilai biner: 0 atau 1. Byte adalah kelompok dari 8 bit, dan digunakan untuk mewakili satu karakter, seperti huruf atau angka. Contoh: 1 Byte = 8 Bit 1 Kilobyte (KB) = 1.024 Byte 1 Megabyte (MB) = 1.024 KB 1 Gigabyte (GB) = 1.024 MB Semakin besar satuannya, semakin banyak data yang dapat disimpan atau diproses komputer.","definisi"
36,"Apa itu sistem operasi dan fungsinya?","Sistem operasi (Operating System / OS) adalah perangkat lunak utama yang mengelola seluruh sumber daya komputer, seperti perangkat keras, perangkat lunak, dan pengguna. Fungsinya meliputi: Mengatur proses dan memori. Mengelola penyimpanan dan file. Mengontrol perangkat input/output. Menyediakan antarmuka antara pengguna dan komputer. Menjaga keamanan dan stabilitas sistem.","definisi"
37,"Sebutkan contoh sistem operasi yang populer!","Beberapa sistem operasi yang populer antara lain: Windows (buatan Microsoft) macOS (buatan Apple) Linux (open-source) Android (untuk perangkat mobile) iOS (untuk perangkat Apple mobile)","sistem operasi"
38,"Apa perbedaan Windows, macOS, dan Linux?"," Windows: User-friendly, banyak digunakan di perkantoran, memiliki dukungan luas untuk aplikasi. macOS: Eksklusif untuk perangkat Apple, stabil dan fokus pada keamanan serta desain elegan. Linux: Open-source, gratis, sangat fleksibel, sering digunakan untuk server dan keperluan teknis.","perbandingan"
39,"Bagaimana cara install sistem operasi?","Langkah umum instalasi sistem operasi: Siapkan media instalasi (DVD, flashdisk, atau file ISO). Atur boot priority di BIOS/UEFI agar komputer membaca media instalasi terlebih dahulu. Jalankan instalasi dan ikuti langkah-langkah seperti pemilihan bahasa, partisi, dan format disk. Tunggu proses instalasi selesai, lalu lakukan konfigurasi awal seperti membuat akun pengguna.","bagaimana"
40,"Apa itu file system dan fungsinya?","File system adalah metode yang digunakan sistem operasi untuk menyimpan, mengatur, dan mengakses data di perangkat penyimpanan. Fungsinya: Menentukan cara data disimpan dan diorganisasi. Memberikan struktur folder dan direktori. Mengatur hak akses pengguna. Contohnya: NTFS (Windows), HFS+ (macOS), ext4 (Linux).","definisi"
41,"Apa yang dimaksud dengan jaringan komputer?","Jaringan komputer adalah sekumpulan komputer yang saling terhubung untuk berbagi data, sumber daya (seperti printer atau internet), dan layanan. Jaringan ini memungkinkan komunikasi dan kolaborasi antar perangkat.","definisi"
42,"Apa perbedaan LAN, WAN, dan MAN?","Perbedaan LAN, WAN, dan MAN adalah: LAN (Local Area Network): Jaringan dalam area kecil seperti rumah, kantor, atau sekolah. MAN (Metropolitan Area Network): Jaringan yang mencakup satu kota atau wilayah tertentu. WAN (Wide Area Network): Jaringan yang mencakup area sangat luas, antar kota atau negara, contohnya internet.","perbandingan"
43,"Bagaimana cara koneksi internet bekerja?","Koneksi internet bekerja dengan cara komputer atau perangkat pengguna mengirimkan permintaan (request) ke server melalui jaringan global. Data dikirim melalui router, modem, dan ISP (Internet Service Provider) menggunakan protokol komunikasi (seperti TCP/IP), lalu dikembalikan dalam bentuk informasi yang dapat dilihat pengguna.","bagaimana"
44,"Apa itu IP Address dan fungsinya?","IP Address (Internet Protocol Address) adalah alamat unik yang diberikan kepada setiap perangkat dalam jaringan agar bisa saling berkomunikasi. Fungsinya: Mengidentifikasi perangkat dalam jaringan. Menentukan rute pengiriman data antar perangkat.","definisi"
45,"Apa perbedaan IPv4 dan IPv6?","Perbedaan IPv4 dan IPv6 adalah: IPv4: Menggunakan 32-bit (contoh: 192.168.1.1), jumlah alamat terbatas sekitar 4 miliar. IPv6: Menggunakan 128-bit (contoh: 2001:0db8::1), mendukung jumlah alamat yang jauh lebih banyak serta keamanan dan efisiensi yang lebih baik.","perbandingan"
46,"Apa perbedaan Internet dan World Wide Web (WWW)?","Internet adalah jaringan global yang menghubungkan jutaan komputer di seluruh dunia agar dapat saling berkomunikasi dan bertukar data. World Wide Web (WWW) adalah salah satu layanan yang berjalan di atas internet, berisi kumpulan halaman web yang dapat diakses melalui browser. â¡ï¸ Singkatnya: Internet adalah â€œjaringannyaâ€, sedangkan WWW adalah â€œisinyaâ€.","perbandingan"
47,"Bagaimana cara browser menampilkan website?","Ketika pengguna mengetikkan alamat situs (URL) di browser: Browser mengirim permintaan (request) ke server web melalui protokol HTTP atau HTTPS. Server mengirimkan file HTML, CSS, JavaScript, dan media. Browser membaca dan menerjemahkan file tersebut untuk ditampilkan dalam bentuk halaman web yang bisa dilihat pengguna.","bagaimana"
48,"Apa itu URL dan komponen-komponennya?","URL (Uniform Resource Locator) adalah alamat unik yang digunakan untuk mengakses sumber daya di internet (misalnya situs web). Komponen URL: Protokol: http:// atau https:// Nama domain: www.example.com Path: /folder/halaman.html Parameter (opsional): ?id=123 Port (opsional): :8080","definisi"
49,"Apa yang dimaksud dengan hyperlink?","Hyperlink adalah teks atau gambar pada halaman web yang dapat diklik untuk berpindah ke halaman lain, baik di situs yang sama maupun situs berbeda. Biasanya ditandai dengan teks berwarna biru dan garis bawah.","definisi"
50,"Mengapa keamanan komputer penting?","Keamanan komputer penting untuk melindungi data, sistem, dan jaringan dari akses tidak sah, peretasan, pencurian data, serta kerusakan perangkat lunak atau perangkat keras. Tanpa keamanan, informasi pribadi maupun organisasi bisa disalahgunakan.","komputer"
51,"Apa itu virus komputer dan bagaimana mencegahnya?","Virus komputer adalah program berbahaya yang menempel pada file atau program lain dan menyebar untuk merusak atau mencuri data. Cara mencegahnya: Gunakan antivirus yang selalu diperbarui. Jangan membuka lampiran atau link mencurigakan. Hindari mengunduh dari sumber tidak resmi. Rutin backup data penting.","definisi"
52,"Apa itu bahasa pemrograman?","Bahasa pemrograman adalah bahasa buatan yang digunakan untuk menulis instruksi agar komputer dapat menjalankan tugas tertentu. Dengan bahasa pemrograman, manusia dapat memberi perintah kepada komputer secara terstruktur dan logis. Contohnya: Python, Java, C++, JavaScript, PHP.","definisi"
53,"Sebutkan level-level dalam bahasa pemrograman!","Bahasa pemrograman dibagi menjadi beberapa level berdasarkan kedekatannya dengan mesin atau manusia: Bahasa tingkat rendah (Low-Level): Dekat dengan bahasa mesin, sulit dipahami manusia. Contoh: Assembly. Bahasa tingkat menengah: Gabungan antara kemudahan manusia dan kontrol mesin. Contoh: C. Bahasa tingkat tinggi (High-Level): Mudah dipahami manusia, banyak digunakan saat ini. Contoh: Python, Java, PHP.","level"
54,"Apa itu algoritma dan mengapa penting?","Algoritma adalah langkah-langkah logis dan sistematis untuk menyelesaikan suatu masalah. Pentingnya algoritma: Membantu programmer merancang solusi yang efisien. Mengurangi kesalahan logika dalam program. Menjadi dasar dalam struktur data, pemrograman, dan kecerdasan buatan.","definisi"
55,"Sebutkan struktur data dasar dalam pemrograman!","Struktur data digunakan untuk menyimpan dan mengelola data secara efisien. Beberapa struktur dasar antara lain: Array: Menyimpan data sejenis dalam satu variabel. Linked List: Elemen saling terhubung melalui pointer. Stack: Prinsip LIFO (Last In First Out). Queue: Prinsip FIFO (First In First Out). Tree: Struktur hierarki seperti pohon. Graph: Koleksi node dan edge untuk relasi kompleks.","dasar"
56,"Apa itu SQL dan perintah dasarnya?","SQL (Structured Query Language) adalah bahasa yang digunakan untuk mengelola dan mengakses data dalam database relasional. Perintah dasar SQL: SELECT â€“ Mengambil data. INSERT â€“ Menambahkan data. UPDATE â€“ Mengubah data. DELETE â€“ Menghapus data. CREATE â€“ Membuat tabel atau database baru.","sql"
57,"Bagaimana cara kerja protokol HTTP dan HTTPS?"," HTTP (Hypertext Transfer Protocol): Mengatur pertukaran data antara browser dan server web tanpa enkripsi. HTTPS (HTTP Secure): Versi aman dari HTTP yang menggunakan SSL/TLS untuk mengenkripsi data, menjaga privasi dan keamanan pengguna. Prosesnya: Browser mengirim permintaan ke server â†’ Server merespons dengan halaman web â†’ Data dikirim balik melalui HTTP/HTTPS.","http"
58,"Apa itu DNS dan bagaimana cara kerjanya?","DNS (Domain Name System) berfungsi menerjemahkan nama domain (seperti www.google.com ) menjadi alamat IP yang bisa dimengerti komputer. Cara kerjanya: Pengguna mengetik alamat situs. Browser meminta alamat IP ke server DNS. DNS mengembalikan alamat IP yang sesuai. Browser terhubung ke server tersebut dan menampilkan situs.","dns"
59,"Apa perbedaan frontend dan backend development?"," Frontend Development: Bagian yang dilihat dan digunakan pengguna (tampilan website). Menggunakan HTML, CSS, JavaScript. Backend Development: Bagian belakang yang mengelola logika, database, dan server. Menggunakan bahasa seperti Python, PHP, Java, Node.js.","perbandingan"
60,"Apa itu HTML, CSS, dan JavaScript?"," HTML (HyperText Markup Language): Struktur dasar halaman web. CSS (Cascading Style Sheets): Mengatur tampilan dan desain (warna, font, layout). JavaScript: Memberikan interaktivitas dan logika pada halaman web (seperti animasi, validasi form).","definisi"
61,"Bagaimana cara kerja responsive web design?","Responsive web design membuat tampilan website menyesuaikan ukuran layar perangkat (desktop, tablet, smartphone). Dicapai dengan: Menggunakan media queries di CSS. Layout fleksibel (grid, flexbox). Gambar dan elemen yang berskala otomatis.","responsive"